{ 
	"PackageName": "librealsense-sdk-logger",
	"Maintainer": "Intel Realsense",
	"MaintainerEmail": "realsense@intel.com",
	"UseCmake": true,
	"BuildDepends": [{"PackageName": "debhelper", "PackageVersion": "(>=9)"} ,
		{"PackageName": "cmake", "PackageVersion": ""},
		{"PackageName": "libopencv-dev", "PackageVersion": "(>= 3.1.0)"}, 
		{"PackageName": "librealsense-dev", "PackageVersion": ""},
		{"PackageName": "libglfw3-dev", "PackageVersion": ""}, 
		{"PackageName": "liblz4-dev", "PackageVersion": ""},
		{"PackageName": "liblog4cxx-dev", "PackageVersion": ""}],
	"RuntimePackage": { 
		"Depends": [],
		"Installs": [{"Source": "usr/lib/librealsense_logger.so.*", "Destination": "usr/lib/"},
			{"Source": "sdk/src/utilities/logger/rslog.properties", "Destination": "usr/share/librealsense"}],
		"Description": "Intel(R) RealSense(TM) SDK Logger library"
	},
	"DevelopmentPackage": {
		"Depends": [],
		"Installs": [{"Source": "usr/lib/librealsense_logger.so", "Destination": "usr/lib/"}],
		"Description": "Intel(R) RealSense(TM) SDK Logger development files"
	}
}

